Result,Angle,Speed,HangTime,HorzDist,MaxJumper,VertDist,MinHeight,MaxFrames,DeltaYData
TRUE,5,60,1.07,64,2,1,112,108,-64|-58|-51|-45|-39|-32|-26|-20|-13|-7|-1|5|12|18|24|31|37|43|50|56|62|69|75|81|88|94|100|107|113|119|126|132|138|145|151|157|163|170|176|182|189|195|201|208|214|220|227|233|239|246|252|258|265|271|277|284|290|296|303|309|315|321|328|334|340|347|353|359|366|372|378|385|391|397|404|410|416|423|429|435|442|448|454|461|467|473|479|486|492|498|505|511|517|524|530|536|543|549|555|562|568|574|581|587|593|600|606
TRUE,5,65,1.16,75,2,2,111,117,-64|-59|-54|-48|-43|-38|-32|-27|-21|-16|-11|-5|0|6|11|16|22|27|32|38|43|49|54|59|65|70|76|81|86|92|97|102|108|113|119|124|129|135|140|146|151|156|162|167|172|178|183|189|194|199|205|210|216|221|226|232|237|242|248|253|259|264|269|275|280|286|291|296|302|307|312|318|323|329|334|339|345|350|356|361|366|372|377|382|388|393|399|404|409|415|420|426|431|436|442|447|452|458|463|469|474|479|485|490|496|501|506|512|517|522|528|533|539|544|549|555
TRUE,5,70,1.25,87,2,2,110,127,-65|-60|-56|-51|-46|-42|-37|-32|-28|-23|-18|-14|-9|-5|0|5|9|14|19|23|28|33|37|42|47|51|56|60|65|70|74|79|84|88|93|98|102|107|112|116|121|126|130|135|139|144|149|153|158|163|167|172|177|181|186|191|195|200|204|209|214|218|223|228|232|237|242|246|251|256|260|265|269|274|279|283|288|293|297|302|307|311|316|321|325|330|334|339|344|348|353|358|362|367|372|376|381|386|390|395|399|404|409|413|418|423|427|432|437|441|446|451|455|460|464|469|474|478|483|488|492|497|502|506|511|516
TRUE,10,45,1.59,71,2,3,109,84,-130|-118|-107|-95|-84|-72|-61|-49|-38|-26|-15|-3|8|20|31|43|54|66|77|89|100|112|123|135|146|158|169|181|192|204|215|227|238|250|261|273|284|296|307|319|330|342|353|365|376|388|399|411|422|434|445|457|468|480|491|503|514|526|537|549|560|572|583|595|606|618|629|641|652|664|675|687|698|710|721|733|744|756|767|779|790|802|813
TRUE,10,50,1.77,87,2,4,109,95,-131|-121|-112|-103|-94|-84|-75|-66|-56|-47|-38|-28|-19|-10|0|9|18|28|37|46|55|65|74|83|93|102|111|121|130|139|149|158|167|177|186|195|204|214|223|232|242|251|260|270|279|288|298|307|316|326|335|344|353|363|372|381|391|400|409|419|428|437|447|456|465|475|484|493|502|512|521|530|540|549|558|568|577|586|596|605|614|624|633|642|651|661|670|679|689|698|707|717|726|735
TRUE,15,40,2.11,82,2,5,101,78,-198|-183|-168|-153|-138|-123|-107|-92|-77|-62|-47|-32|-17|-2|14|29|44|59|74|89|104|119|135|150|165|180|195|210|225|240|256|271|286|301|316|331|346|361|377|392|407|422|437|452|467|482|498|513|528|543|558|573|588|603|619|634|649|664|679|694|709|724|740|755|770|785|800|815|830|845|861|876|891|906|921|936|951
TRUE,20,35,2.44,80,2,7,87,69,-269|-248|-227|-206|-186|-165|-144|-123|-102|-81|-60|-39|-19|2|23|44|65|86|107|128|148|169|190|211|232|253|274|294|315|336|357|378|399|420|441|461|482|503|524|545|566|587|608|628|649|670|691|712|733|754|775|795|816|837|858|879|900|921|942|962|983|1004|1025|1046|1067|1088|1109|1129
TRUE,25,30,2.59,70,2,8,69,58,-343|-312|-282|-251|-221|-190|-160|-129|-99|-68|-37|-7|24|54|85|115|146|176|207|237|268|299|329|360|390|421|451|482|512|543|573|604|635|665|696|726|757|787|818|848|879|909|940|971|1001|1032|1062|1093|1123|1154|1184|1215|1245|1276|1306|1337|1368
TRUE,30,30,3.06,80,2,11,54,58,-427|-393|-360|-326|-293|-259|-226|-193|-159|-126|-92|-59|-25|8|42|75|109|142|175|209|242|276|309|343|376|410|443|476|510|543|577|610|644|677|711|744|778|811|844|878|911|945|978|1012|1045|1079|1112|1146|1179|1212|1246|1279|1313|1346|1380|1413|1447
TRUE,35,30,3.51,86,2,15,40,58,-519|-482|-444|-407|-370|-332|-295|-257|-220|-183|-145|-108|-70|-33|4|42|79|117|154|191|229|266|303|341|378|416|453|490|528|565|603|640|677|715|752|790|827|864|902|939|976|1014|1051|1089|1126|1163|1201|1238|1276|1313|1350|1388|1425|1463|1500|1537|1575
TRUE,40,30,3.94,90,2,19,18,56,-623|-580|-538|-495|-452|-409|-367|-324|-281|-238|-196|-153|-110|-67|-25|18|61|104|146|189|232|275|317|360|403|446|489|531|574|617|660|702|745|788|831|873|916|959|1002|1044|1087|1130|1173|1215|1258|1301|1344|1386|1429|1472|1515|1557|1600|1643|1686
TRUE,45,30,4.33,92,2,23,96,54,-743|-693|-643|-592|-542|-492|-442|-392|-342|-291|-241|-191|-141|-91|-40|10|60|110|160|210|261|311|361|411|461|511|562|612|662|712|762|813|863|913|963|1013|1063|1114|1164|1214|1264|1314|1364|1415|1465|1515|1565|1615|1666|1716|1766|1816|1866
TRUE,5,75,1.33,100,3,2,110,137,-65|-61|-57|-53|-49|-45|-41|-37|-33|-29|-25|-21|-17|-13|-9|-4|0|4|8|12|16|20|24|28|32|36|40|44|48|52|56|60|64|68|72|76|80|84|89|93|97|101|105|109|113|117|121|125|129|133|137|141|145|149|153|157|161|165|169|173|178|182|186|190|194|198|202|206|210|214|218|222|226|230|234|238|242|246|250|254|258|262|267|271|275|279|283|287|291|295|299|303|307|311|315|319|323|327|331|335|339|343|347|351|355|360|364|368|372|376|380|384|388|392|396|400|404|408|412|416|420|424|428|432|436|440|444|449|453|457|461|465|469|473|477|481
TRUE,5,80,1.42,113,3,2,110,148,-65|-62|-58|-55|-51|-48|-44|-41|-37|-33|-30|-26|-23|-19|-16|-12|-9|-5|-1|2|6|9|13|16|20|23|27|31|34|38|41|45|48|52|55|59|63|66|70|73|77|80|84|87|91|95|98|102|105|109|112|116|119|123|127|130|134|137|141|144|148|151|155|159|162|166|169|173|176|180|183|187|191|194|198|201|205|208|212|215|219|223|226|230|233|237|240|244|247|251|255|258|262|265|269|272|276|279|283|287|290|294|297|301|304|308|311|315|319|322|326|329|333|336|340|343|347|351|354|358|361|365|368|372|375|379|383|386|390|393|397|400|404|407|411|415|418|422|425|429|432|436|439|443|447|450|454
TRUE,10,55,1.95,106,3,5,108,106,-132|-124|-116|-108|-101|-93|-85|-78|-70|-62|-55|-47|-39|-32|-24|-16|-8|-1|7|15|22|30|38|45|53|61|69|76|84|92|99|107|115|122|130|138|145|153|161|169|176|184|192|199|207|215|222|230|238|246|253|261|269|276|284|292|299|307|315|323|330|338|346|353|361|369|376|384|392|399|407|415|423|430|438|446|453|461|469|476|484|492|500|507|515|523|530|538|546|553|561|569|576|584|592|600|607|615|623|630|638|646|653|661|669
TRUE,10,60,2.13,126,3,6,107,118,-132|-126|-119|-113|-106|-100|-93|-87|-80|-74|-68|-61|-55|-48|-42|-35|-29|-22|-16|-9|-3|4|10|17|23|29|36|42|49|55|62|68|75|81|88|94|101|107|114|120|126|133|139|146|152|159|165|172|178|185|191|198|204|211|217|223|230|236|243|249|256|262|269|275|282|288|295|301|308|314|321|327|333|340|346|353|359|366|372|379|385|392|398|405|411|418|424|430|437|443|450|456|463|469|476|482|489|495|502|508|515|521|527|534|540|547|553|560|566|573|579|586|592|599|605|612|618
TRUE,15,45,2.38,103,3,7,107,90,-200|-188|-176|-164|-152|-140|-128|-116|-104|-92|-80|-68|-56|-44|-32|-21|-9|3|15|27|39|51|63|75|87|99|111|123|135|147|159|171|183|195|207|218|230|242|254|266|278|290|302|314|326|338|350|362|374|386|398|410|422|434|446|457|469|481|493|505|517|529|541|553|565|577|589|601|613|625|637|649|661|673|685|696|708|720|732|744|756|768|780|792|804|816|828|840|852
TRUE,20,40,2.79,105,3,10,105,82,-272|-256|-240|-224|-208|-192|-176|-160|-144|-128|-112|-96|-80|-64|-48|-32|-16|0|16|32|48|64|80|96|112|128|144|160|176|192|208|224|240|256|272|288|304|320|336|352|368|384|400|416|432|448|464|480|496|512|528|544|559|575|591|607|623|639|655|671|687|703|719|735|751|767|783|799|815|831|847|863|879|895|911|927|943|959|975|991|1007
TRUE,25,35,3.02,96,3,11,104,70,-347|-324|-302|-280|-257|-235|-212|-190|-167|-145|-123|-100|-78|-55|-33|-10|12|35|57|79|102|124|147|169|192|214|237|259|281|304|326|349|371|394|416|438|461|483|506|528|551|573|596|618|640|663|685|708|730|753|775|798|820|842|865|887|910|932|955|977|999|1022|1044|1067|1089|1112|1134|1157|1179
TRUE,25,40,3.45,125,3,15,101,83,-350|-332|-315|-298|-281|-264|-246|-229|-212|-195|-178|-161|-143|-126|-109|-92|-75|-57|-40|-23|-6|11|28|46|63|80|97|114|132|149|166|183|200|217|235|252|269|286|303|321|338|355|372|389|406|424|441|458|475|492|509|527|544|561|578|595|613|630|647|664|681|698|716|733|750|767|784|802|819|836|853|870|887|905|922|939|956|973|991|1008|1025|1042
TRUE,30,35,3.57,108,3,16,101,71,-431|-407|-382|-357|-333|-308|-284|-259|-235|-210|-185|-161|-136|-112|-87|-62|-38|-13|11|36|60|85|110|134|159|183|208|232|257|282|306|331|355|380|404|429|454|478|503|527|552|576|601|626|650|675|699|724|749|773|798|822|847|871|896|921|945|970|994|1019|1043|1068|1093|1117|1142|1166|1191|1215|1240|1265
TRUE,35,35,4.1,117,3,21,97,71,-524|-497|-469|-442|-414|-387|-359|-332|-304|-277|-249|-222|-194|-167|-139|-112|-85|-57|-30|-2|25|53|80|108|135|163|190|218|245|273|300|328|355|382|410|437|465|492|520|547|575|602|630|657|685|712|740|767|794|822|849|877|904|932|959|987|1014|1042|1069|1097|1124|1152|1179|1207|1234|1261|1289|1316|1344|1371
TRUE,40,35,4.59,123,3,26,93,69,-629|-597|-566|-534|-503|-472|-440|-409|-377|-346|-315|-283|-252|-220|-189|-158|-126|-95|-63|-32|-1|31|62|94|125|157|188|219|251|282|314|345|376|408|439|471|502|533|565|596|628|659|690|722|753|785|816|848|879|910|942|973|1005|1036|1067|1099|1130|1162|1193|1224|1256|1287|1319|1350|1382|1413|1444|1476
TRUE,45,35,5.05,125,3,31,89,67,-750|-713|-676|-639|-602|-565|-528|-492|-455|-418|-381|-344|-307|-270|-233|-197|-160|-123|-86|-49|-12|25|61|98|135|172|209|246|283|319|356|393|430|467|504|541|578|614|651|688|725|762|799|836|872|909|946|983|1020|1057|1094|1130|1167|1204|1241|1278|1315|1352|1389|1425|1462|1499|1536|1573|1610|1647
TRUE,5,85,1.51,128,4,3,110,160,-66|-62|-59|-56|-53|-50|-47|-44|-40|-37|-34|-31|-28|-25|-22|-18|-15|-12|-9|-6|-3|1|4|7|10|13|16|19|23|26|29|32|35|38|41|45|48|51|54|57|60|63|67|70|73|76|79|82|86|89|92|95|98|101|104|108|111|114|117|120|123|126|130|133|136|139|142|145|149|152|155|158|161|164|167|171|174|177|180|183|186|189|193|196|199|202|205|208|212|215|218|221|224|227|230|234|237|240|243|246|249|252|256|259|262|265|268|271|274|278|281|284|287|290|293|297|300|303|306|309|312|315|319|322|325|328|331|334|337|341|344|347|350|353|356|360|363|366|369|372|375|378|382|385|388|391|394|397|400|404|407|410|413|416|419|422|426|429|432
TRUE,5,85,1.51,128,4,3,109,160,-66|-62|-59|-56|-53|-50|-47|-44|-40|-37|-34|-31|-28|-25|-22|-18|-15|-12|-9|-6|-3|1|4|7|10|13|16|19|23|26|29|32|35|38|41|45|48|51|54|57|60|63|67|70|73|76|79|82|86|89|92|95|98|101|104|108|111|114|117|120|123|126|130|133|136|139|142|145|149|152|155|158|161|164|167|171|174|177|180|183|186|189|193|196|199|202|205|208|212|215|218|221|224|227|230|234|237|240|243|246|249|252|256|259|262|265|268|271|274|278|281|284|287|290|293|297|300|303|306|309|312|315|319|322|325|328|331|334|337|341|344|347|350|353|356|360|363|366|369|372|375|378|382|385|388|391|394|397|400|404|407|410|413|416|419|422|426|429|432
TRUE,10,65,2.3,147,4,6,106,129,-133|-127|-122|-116|-111|-105|-100|-94|-89|-83|-78|-72|-67|-61|-56|-50|-44|-39|-33|-28|-22|-17|-11|-6|0|5|11|16|22|27|33|38|44|49|55|60|66|71|77|82|88|93|99|104|110|115|121|126|132|137|143|148|154|159|165|170|176|181|187|192|198|203|209|214|220|226|231|237|242|248|253|259|264|270|275|281|286|292|297|303|308|314|319|325|330|336|341|347|352|358|363|369|374|380|385|391|396|402|407|413|418|424|429|435|440|446|451|457|462|468|473|479|484|490|496|501|507|512|518|523|529|534|540|545|551|556|562|567
TRUE,15,50,2.64,128,4,9,105,102,-201|-191|-182|-172|-162|-153|-143|-133|-124|-114|-104|-94|-85|-75|-65|-56|-46|-36|-27|-17|-7|2|12|22|31|41|51|60|70|80|89|99|109|118|128|138|148|157|167|177|186|196|206|215|225|235|244|254|264|273|283|293|302|312|322|331|341|351|361|370|380|390|399|409|419|428|438|448|457|467|477|486|496|506|515|525|535|544|554|564|573|583|593|603|612|622|632|641|651|661|670|680|690|699|709|719|728|738|748|757|767
TRUE,15,55,2.91,154,4,10,103,116,-202|-194|-186|-178|-170|-162|-154|-146|-138|-130|-122|-114|-106|-98|-90|-82|-74|-66|-58|-50|-42|-34|-26|-18|-10|-2|6|14|22|30|38|46|54|62|70|78|86|94|102|110|118|126|134|142|150|158|166|174|182|190|198|206|214|222|230|238|246|254|262|270|278|286|294|302|310|318|326|334|342|350|358|366|374|382|390|398|406|414|422|430|438|446|454|462|470|478|486|494|502|510|518|526|534|542|550|558|566|574|582|590|598|606|614|622|630|638|646|654|662|670|678|686|694|702|710
TRUE,20,45,3.14,133,4,12,102,95,-273|-261|-248|-235|-223|-210|-197|-185|-172|-160|-147|-134|-122|-109|-96|-84|-71|-59|-46|-33|-21|-8|5|17|30|42|55|68|80|93|106|118|131|143|156|169|181|194|207|219|232|245|257|270|282|295|308|320|333|346|358|371|383|396|409|421|434|447|459|472|484|497|510|522|535|548|560|573|585|598|611|623|636|649|661|674|686|699|712|724|737|750|762|775|787|800|813|825|838|851|863|876|889|901
TRUE,25,45,3.88,158,4,18,97,98,-351|-338|-324|-311|-297|-283|-270|-256|-243|-229|-216|-202|-188|-175|-161|-148|-134|-121|-107|-93|-80|-66|-53|-39|-26|-12|2|15|29|42|56|69|83|97|110|124|137|151|165|178|192|205|219|232|246|260|273|287|300|314|327|341|355|368|382|395|409|422|436|450|463|477|490|504|517|531|545|558|572|585|599|612|626|640|653|667|680|694|707|721|735|748|762|775|789|803|816|830|843|857|870|884|898|911|925|938|952
TRUE,30,40,4.08,141,4,20,96,85,-434|-415|-396|-378|-359|-340|-321|-302|-283|-265|-246|-227|-208|-189|-171|-152|-133|-114|-95|-76|-58|-39|-20|-1|18|36|55|74|93|112|130|149|168|187|206|225|243|262|281|300|319|337|356|375|394|413|432|450|469|488|507|526|544|563|582|601|620|639|657|676|695|714|733|751|770|789|808|827|845|864|883|902|921|940|958|977|996|1015|1034|1052|1071|1090|1109|1128
TRUE,35,40,4.68,153,4,27,91,85,-527|-506|-485|-464|-443|-422|-401|-380|-359|-338|-317|-296|-275|-254|-233|-212|-191|-170|-149|-128|-107|-86|-65|-44|-23|-1|20|41|62|83|104|125|146|167|188|209|230|251|272|293|314|335|356|377|398|419|440|461|482|503|524|545|566|587|608|629|650|672|693|714|735|756|777|798|819|840|861|882|903|924|945|966|987|1008|1029|1050|1071|1092|1113|1134|1155|1176|1197|1218
TRUE,10,70,2.48,171,5,8,106,140,-133|-128|-124|-119|-114|-109|-105|-100|-95|-90|-86|-81|-76|-71|-67|-62|-57|-52|-48|-43|-38|-33|-29|-24|-19|-14|-10|-5|0|5|9|14|19|24|28|33|38|43|48|52|57|62|67|71|76|81|86|90|95|100|105|109|114|119|124|128|133|138|143|147|152|157|162|166|171|176|181|185|190|195|200|204|209|214|219|223|228|233|238|242|247|252|257|261|266|271|276|280|285|290|295|299|304|309|314|318|323|328|333|337|342|347|352|356|361|366|371|375|380|385|390|394|399|404|409|413|418|423|428|432|437|442|447|451|456|461|466|470|475|480|485|489|494|499|504|508|513|518|523
TRUE,15,60,3.17,184,5,12,102,131,-202|-196|-189|-182|-176|-169|-162|-155|-149|-142|-135|-128|-122|-115|-108|-102|-95|-88|-81|-75|-68|-61|-55|-48|-41|-34|-28|-21|-14|-7|-1|6|13|19|26|33|40|46|53|60|66|73|80|87|93|100|107|114|120|127|134|140|147|154|161|167|174|181|187|194|201|208|214|221|228|235|241|248|255|261|268|275|282|288|295|302|308|315|322|329|335|342|349|356|362|369|376|382|389|396|403|409|416|423|429|436|443|450|456|463|470|477|483|490|497|503|510|517|524|530|537|544|550|557|564|571|577|584|591|598|604|611|618|624|631|638|645|651|658|665
TRUE,20,50,3.49,164,5,15,100,109,-274|-264|-254|-244|-234|-223|-213|-203|-193|-182|-172|-162|-152|-141|-131|-121|-111|-101|-90|-80|-70|-60|-49|-39|-29|-19|-8|2|12|22|32|43|53|63|73|84|94|104|114|124|135|145|155|165|176|186|196|206|217|227|237|247|257|268|278|288|298|309|319|329|339|350|360|370|380|390|401|411|421|431|442|452|462|472|482|493|503|513|523|534|544|554|564|575|585|595|605|615|626|636|646|656|667|677|687|697|707|718|728|738|748|759|769|779|789|800|810|820
TRUE,30,45,4.59,179,5,26,92,100,-436|-421|-406|-391|-377|-362|-347|-332|-317|-302|-287|-272|-258|-243|-228|-213|-198|-183|-168|-153|-139|-124|-109|-94|-79|-64|-49|-35|-20|-5|10|25|40|55|70|84|99|114|129|144|159|174|188|203|218|233|248|263|278|293|307|322|337|352|367|382|397|411|426|441|456|471|486|501|516|530|545|560|575|590|605|620|634|649|664|679|694|709|724|739|753|768|783|798|813|828|843|857|872|887|902|917|932|947|962|976|991|1006|1021
TRUE,40,40,5.25,161,5,34,86,84,-632|-608|-584|-560|-536|-512|-488|-464|-440|-416|-392|-368|-344|-320|-296|-272|-248|-224|-200|-175|-151|-127|-103|-79|-55|-31|-7|17|41|65|89|113|137|161|185|209|233|257|281|305|330|354|378|402|426|450|474|498|522|546|570|594|618|642|666|690|714|738|762|786|810|835|859|883|907|931|955|979|1003|1027|1051|1075|1099|1123|1147|1171|1195|1219|1243|1267|1291|1315|1340
TRUE,45,40,5.77,163,5,41,81,82,-754|-726|-697|-669|-641|-613|-585|-556|-528|-500|-472|-443|-415|-387|-359|-331|-302|-274|-246|-218|-189|-161|-133|-105|-77|-48|-20|8|36|65|93|121|149|178|206|234|262|290|319|347|375|403|432|460|488|516|544|573|601|629|657|686|714|742|770|798|827|855|883|911|940|968|996|1024|1052|1081|1109|1137|1165|1194|1222|1250|1278|1306|1335|1363|1391|1419|1448|1476|1504
TRUE,10,75,2.66,196,6,9,104,153,-133|-129|-125|-121|-117|-113|-109|-104|-100|-96|-92|-88|-84|-80|-75|-71|-67|-63|-59|-55|-51|-46|-42|-38|-34|-30|-26|-22|-17|-13|-9|-5|-1|3|7|12|16|20|24|28|32|36|40|45|49|53|57|61|65|69|74|78|82|86|90|94|98|103|107|111|115|119|123|127|132|136|140|144|148|152|156|161|165|169|173|177|181|185|189|194|198|202|206|210|214|218|223|227|231|235|239|243|247|252|256|260|264|268|272|276|281|285|289|293|297|301|305|310|314|318|322|326|330|334|338|343|347|351|355|359|363|367|372|376|380|384|388|392|396|401|405|409|413|417|421|425|430|434|438|442|446|450|454|459|463|467|471|475|479|483|487|492
TRUE,10,80,2.84,223,6,10,103,166,-134|-130|-126|-123|-119|-115|-112|-108|-104|-101|-97|-94|-90|-86|-83|-79|-75|-72|-68|-64|-61|-57|-54|-50|-46|-43|-39|-35|-32|-28|-24|-21|-17|-14|-10|-6|-3|1|5|8|12|16|19|23|26|30|34|37|41|45|48|52|56|59|63|66|70|74|77|81|85|88|92|96|99|103|106|110|114|117|121|125|128|132|136|139|143|147|150|154|157|161|165|168|172|176|179|183|187|190|194|197|201|205|208|212|216|219|223|227|230|234|237|241|245|248|252|256|259|263|267|270|274|277|281|285|288|292|296|299|303|307|310|314|317|321|325|328|332|336|339|343|347|350|354|357|361|365|368|372|376|379|383|387|390|394|398|401|405|408|412|416|419|423|427|430|434|438|441|445|448|452|456|459|463
TRUE,15,65,3.43,216,6,14,100,145,-203|-197|-191|-186|-180|-174|-169|-163|-157|-151|-146|-140|-134|-128|-123|-117|-111|-106|-100|-94|-88|-83|-77|-71|-65|-60|-54|-48|-43|-37|-31|-25|-20|-14|-8|-2|3|9|15|20|26|32|38|43|49|55|61|66|72|78|83|89|95|101|106|112|118|124|129|135|141|146|152|158|164|169|175|181|187|192|198|204|209|215|221|227|232|238|244|250|255|261|267|272|278|284|290|295|301|307|313|318|324|330|335|341|347|353|358|364|370|376|381|387|393|399|404|410|416|421|427|433|439|444|450|456|462|467|473|479|484|490|496|502|507|513|519|525|530|536|542|547|553|559|565|570|576|582|588|593|599|605|610|616
TRUE,20,55,3.84,198,6,18,97,123,-275|-267|-258|-250|-241|-233|-225|-216|-208|-199|-191|-182|-174|-165|-157|-149|-140|-132|-123|-115|-106|-98|-89|-81|-72|-64|-56|-47|-39|-30|-22|-13|-5|4|12|21|29|37|46|54|63|71|80|88|97|105|114|122|130|139|147|156|164|173|181|190|198|207|215|223|232|240|249|257|266|274|283|291|300|308|316|325|333|342|350|359|367|376|384|392|401|409|418|426|435|443|452|460|469|477|485|494|502|511|519|528|536|545|553|562|570|578|587|595|604|612|621|629|638|646|655|663|671|680|688|697|705|714|722|731|739|748
TRUE,25,50,4.31,195,6,23,94,113,-353|-342|-331|-320|-309|-298|-287|-276|-265|-254|-243|-232|-221|-210|-199|-188|-177|-166|-155|-144|-133|-122|-111|-100|-89|-78|-67|-56|-45|-34|-23|-12|-1|10|21|32|43|54|65|76|87|98|109|120|131|142|153|164|175|186|197|208|219|230|241|252|263|274|285|296|307|318|329|340|351|362|373|384|395|406|417|428|439|450|461|472|483|494|505|516|527|538|549|560|571|582|593|604|615|626|637|648|659|670|681|692|703|714|725|736|747|758|769|780|791|802|813|824|835|846|857|868
TRUE,30,50,5.1,221,6,32,86,116,-437|-425|-413|-401|-389|-377|-365|-353|-341|-329|-317|-305|-293|-281|-269|-257|-245|-233|-221|-209|-197|-184|-172|-160|-148|-136|-124|-112|-100|-88|-76|-64|-52|-40|-28|-16|-4|8|20|32|44|56|68|80|92|105|117|129|141|153|165|177|189|201|213|225|237|249|261|273|285|297|309|321|333|345|357|369|381|394|406|418|430|442|454|466|478|490|502|514|526|538|550|562|574|586|598|610|622|634|646|658|671|683|695|707|719|731|743|755|767|779|791|803|815|827|839|851|863|875|887|899|911|923|935
TRUE,35,45,5.27,194,6,34,85,101,-529|-513|-496|-480|-463|-446|-430|-413|-397|-380|-363|-347|-330|-313|-297|-280|-264|-247|-230|-214|-197|-180|-164|-147|-131|-114|-97|-81|-64|-48|-31|-14|2|19|36|52|69|85|102|119|135|152|168|185|202|218|235|252|268|285|301|318|335|351|368|384|401|418|434|451|468|484|501|517|534|551|567|584|601|617|634|650|667|684|700|717|733|750|767|783|800|817|833|850|866|883|900|916|933|949|966|983|999|1016|1033|1049|1066|1082|1099|1116
TRUE,40,45,5.9,203,6,43,78,100,-635|-616|-597|-578|-559|-540|-521|-502|-483|-464|-445|-426|-407|-388|-369|-350|-331|-312|-293|-274|-255|-236|-217|-198|-179|-160|-141|-122|-103|-84|-65|-46|-27|-8|11|30|49|68|87|106|125|144|163|182|201|220|239|258|277|296|315|334|353|372|391|410|429|448|467|486|505|524|543|562|581|600|619|638|657|676|695|714|733|752|771|790|809|828|847|866|885|904|923|942|961|980|999|1018|1037|1056|1075|1094|1113|1132|1151|1170|1189|1208|1227
TRUE,45,45,6.49,207,6,52,71,97,-757|-735|-712|-690|-668|-645|-623|-601|-578|-556|-534|-512|-489|-467|-445|-422|-400|-378|-355|-333|-311|-289|-266|-244|-222|-199|-177|-155|-132|-110|-88|-66|-43|-21|1|24|46|68|91|113|135|157|180|202|224|247|269|291|314|336|358|380|403|425|447|470|492|514|537|559|581|603|626|648|670|693|715|737|760|782|804|826|849|871|893|916|938|960|983|1005|1027|1049|1072|1094|1116|1139|1161|1183|1206|1228|1250|1272|1295|1317|1339|1362
TRUE,10,85,3.01,252,7,11,102,180,-134|-131|-127|-124|-121|-118|-114|-111|-108|-105|-102|-98|-95|-92|-89|-85|-82|-79|-76|-73|-69|-66|-63|-60|-56|-53|-50|-47|-44|-40|-37|-34|-31|-27|-24|-21|-18|-15|-11|-8|-5|-2|2|5|8|11|14|18|21|24|27|31|34|37|40|43|47|50|53|56|60|63|66|69|72|76|79|82|85|89|92|95|98|101|105|108|111|114|118|121|124|127|130|134|137|140|143|147|150|153|156|159|163|166|169|172|176|179|182|185|188|192|195|198|201|205|208|211|214|217|221|224|227|230|234|237|240|243|246|250|253|256|259|263|266|269|272|275|279|282|285|288|292|295|298|301|304|308|311|314|317|321|324|327|330|333|337|340|343|346|350|353|356|359|362|366|369|372|375|379|382|385|388|391|395|398|401|404|408|411|414|417|420|424|427|430|433|437|440
TRUE,10,85,3.01,252,7,11,101,180,-134|-131|-127|-124|-121|-118|-114|-111|-108|-105|-102|-98|-95|-92|-89|-85|-82|-79|-76|-73|-69|-66|-63|-60|-56|-53|-50|-47|-44|-40|-37|-34|-31|-27|-24|-21|-18|-15|-11|-8|-5|-2|2|5|8|11|14|18|21|24|27|31|34|37|40|43|47|50|53|56|60|63|66|69|72|76|79|82|85|89|92|95|98|101|105|108|111|114|118|121|124|127|130|134|137|140|143|147|150|153|156|159|163|166|169|172|176|179|182|185|188|192|195|198|201|205|208|211|214|217|221|224|227|230|234|237|240|243|246|250|253|256|259|263|266|269|272|275|279|282|285|288|292|295|298|301|304|308|311|314|317|321|324|327|330|333|337|340|343|346|350|353|356|359|362|366|369|372|375|379|382|385|388|391|395|398|401|404|408|411|414|417|420|424|427|430|433|437|440
TRUE,15,70,3.7,250,7,17,98,159,-203|-198|-193|-188|-184|-179|-174|-169|-164|-159|-154|-149|-144|-139|-134|-129|-124|-119|-114|-109|-105|-100|-95|-90|-85|-80|-75|-70|-65|-60|-55|-50|-45|-40|-35|-30|-26|-21|-16|-11|-6|-1|4|9|14|19|24|29|34|39|44|49|54|58|63|68|73|78|83|88|93|98|103|108|113|118|123|128|133|137|142|147|152|157|162|167|172|177|182|187|192|197|202|207|212|216|221|226|231|236|241|246|251|256|261|266|271|276|281|286|291|296|300|305|310|315|320|325|330|335|340|345|350|355|360|365|370|375|379|384|389|394|399|404|409|414|419|424|429|434|439|444|449|454|458|463|468|473|478|483|488|493|498|503|508|513|518|523|528|533|538|542|547|552|557|562|567|572
TRUE,20,60,4.19,236,7,21,94,139,-276|-269|-262|-255|-248|-240|-233|-226|-219|-212|-205|-198|-191|-184|-177|-169|-162|-155|-148|-141|-134|-127|-120|-113|-106|-98|-91|-84|-77|-70|-63|-56|-49|-42|-34|-27|-20|-13|-6|1|8|15|22|29|37|44|51|58|65|72|79|86|93|100|108|115|122|129|136|143|150|157|164|172|179|186|193|200|207|214|221|228|235|243|250|257|264|271|278|285|292|299|306|314|321|328|335|342|349|356|363|370|377|385|392|399|406|413|420|427|434|441|449|456|463|470|477|484|491|498|505|512|520|527|534|541|548|555|562|569|576|583|591|598|605|612|619|626|633|640|647|654|662|669|676|683|690|697
TRUE,25,55,4.74,236,7,28,89,129,-354|-344|-335|-326|-317|-308|-299|-290|-281|-272|-263|-254|-245|-235|-226|-217|-208|-199|-190|-181|-172|-163|-154|-145|-135|-126|-117|-108|-99|-90|-81|-72|-63|-54|-45|-36|-26|-17|-8|1|10|19|28|37|46|55|64|74|83|92|101|110|119|128|137|146|155|164|173|183|192|201|210|219|228|237|246|255|264|273|283|292|301|310|319|328|337|346|355|364|373|382|392|401|410|419|428|437|446|455|464|473|482|492|501|510|519|528|537|546|555|564|573|582|591|601|610|619|628|637|646|655|664|673|682|691|701|710|719|728|737|746|755|764|773|782|791|801
TRUE,35,50,5.85,240,7,42,78,118,-531|-518|-504|-491|-477|-464|-450|-437|-423|-410|-396|-383|-370|-356|-343|-329|-316|-302|-289|-275|-262|-248|-235|-221|-208|-195|-181|-168|-154|-141|-127|-114|-100|-87|-73|-60|-46|-33|-20|-6|7|21|34|48|61|75|88|102|115|129|142|155|169|182|196|209|223|236|250|263|277|290|303|317|330|344|357|371|384|398|411|425|438|452|465|478|492|505|519|532|546|559|573|586|600|613|627|640|653|667|680|694|707|721|734|748|761|775|788|801|815|828|842|855|869|882|896|909|923|936|950|963|976|990|1003|1017|1030
TRUE,40,50,6.56,251,7,53,69,117,-637|-621|-606|-591|-575|-560|-544|-529|-514|-498|-483|-467|-452|-437|-421|-406|-390|-375|-360|-344|-329|-314|-298|-283|-267|-252|-237|-221|-206|-190|-175|-160|-144|-129|-113|-98|-83|-67|-52|-36|-21|-6|10|25|40|56|71|87|102|117|133|148|164|179|194|210|225|241|256|271|287|302|317|333|348|364|379|394|410|425|441|456|471|487|502|518|533|548|564|579|595|610|625|641|656|671|687|702|718|733|748|764|779|795|810|825|841|856|872|887|902|918|933|949|964|979|995|1010|1025|1041|1056|1072|1087|1102|1118|1133
TRUE,45,50,7.22,255,7,64,60,114,-759|-741|-723|-705|-687|-669|-651|-633|-614|-596|-578|-560|-542|-524|-506|-488|-470|-452|-434|-416|-398|-380|-362|-344|-325|-307|-289|-271|-253|-235|-217|-199|-181|-163|-145|-127|-109|-91|-73|-54|-36|-18|0|18|36|54|72|90|108|126|144|162|180|198|216|235|253|271|289|307|325|343|361|379|397|415|433|451|469|487|505|524|542|560|578|596|614|632|650|668|686|704|722|740|758|776|794|813|831|849|867|885|903|921|939|957|975|993|1011|1029|1047|1065|1083|1102|1120|1138|1156|1174|1192|1210|1228|1246|1264
TRUE,15,75,3.96,287,8,19,95,174,-204|-199|-195|-191|-186|-182|-178|-174|-169|-165|-161|-156|-152|-148|-143|-139|-135|-130|-126|-122|-118|-113|-109|-105|-100|-96|-92|-87|-83|-79|-75|-70|-66|-62|-57|-53|-49|-44|-40|-36|-32|-27|-23|-19|-14|-10|-6|-1|3|7|11|16|20|24|29|33|37|42|46|50|55|59|63|67|72|76|80|85|89|93|98|102|106|110|115|119|123|128|132|136|141|145|149|153|158|162|166|171|175|179|184|188|192|196|201|205|209|214|218|222|227|231|235|240|244|248|252|257|261|265|270|274|278|283|287|291|295|300|304|308|313|317|321|326|330|334|338|343|347|351|356|360|364|369|373|377|381|386|390|394|399|403|407|412|416|420|424|429|433|437|442|446|450|455|459|463|468|472|476|480|485|489|493|498|502|506|511|515|519|523|528|532|536
TRUE,20,65,4.54,277,8,25,91,157,-277|-270|-264|-258|-252|-246|-240|-234|-228|-222|-216|-210|-204|-198|-192|-186|-180|-174|-168|-162|-155|-149|-143|-137|-131|-125|-119|-113|-107|-101|-95|-89|-83|-77|-71|-65|-59|-53|-47|-40|-34|-28|-22|-16|-10|-4|2|8|14|20|26|32|38|44|50|56|62|68|75|81|87|93|99|105|111|117|123|129|135|141|147|153|159|165|171|177|183|190|196|202|208|214|220|226|232|238|244|250|256|262|268|274|280|286|292|298|305|311|317|323|329|335|341|347|353|359|365|371|377|383|389|395|401|407|413|419|426|432|438|444|450|456|462|468|474|480|486|492|498|504|510|516|522|528|534|541|547|553|559|565|571|577|583|589|595|601|607|613|619|625|631|637|643|649|656|662
TRUE,25,60,5.17,281,8,33,84,146,-354|-347|-339|-331|-324|-316|-308|-301|-293|-286|-278|-270|-263|-255|-247|-240|-232|-224|-217|-209|-202|-194|-186|-179|-171|-163|-156|-148|-141|-133|-125|-118|-110|-102|-95|-87|-79|-72|-64|-57|-49|-41|-34|-26|-18|-11|-3|5|12|20|27|35|43|50|58|66|73|81|89|96|104|111|119|127|134|142|150|157|165|173|180|188|195|203|211|218|226|234|241|249|257|264|272|279|287|295|302|310|318|325|333|341|348|356|363|371|379|386|394|402|409|417|425|432|440|447|455|463|470|478|486|493|501|509|516|524|531|539|547|554|562|570|577|585|593|600|608|615|623|631|638|646|654|661|669|677|684|692|699|707|715|722|730|738|745
TRUE,30,55,5.61,267,8,39,80,134,-438|-428|-419|-409|-399|-389|-379|-369|-359|-349|-339|-329|-319|-309|-299|-289|-279|-269|-259|-249|-239|-229|-219|-210|-200|-190|-180|-170|-160|-150|-140|-130|-120|-110|-100|-90|-80|-70|-60|-50|-40|-30|-20|-10|-1|9|19|29|39|49|59|69|79|89|99|109|119|129|139|149|159|169|179|189|199|208|218|228|238|248|258|268|278|288|298|308|318|328|338|348|358|368|378|388|398|408|417|427|437|447|457|467|477|487|497|507|517|527|537|547|557|567|577|587|597|607|617|626|636|646|656|666|676|686|696|706|716|726|736|746|756|766|776|786|796|806|816|826|835|845|855|865|875
TRUE,30,60,6.12,318,9,46,73,153,-439|-431|-422|-414|-406|-397|-389|-381|-372|-364|-356|-347|-339|-331|-322|-314|-305|-297|-289|-280|-272|-264|-255|-247|-239|-230|-222|-213|-205|-197|-188|-180|-172|-163|-155|-147|-138|-130|-121|-113|-105|-96|-88|-80|-71|-63|-55|-46|-38|-29|-21|-13|-4|4|12|21|29|37|46|54|63|71|79|88|96|104|113|121|129|138|146|155|163|171|180|188|196|205|213|221|230|238|247|255|263|272|280|288|297|305|313|322|330|339|347|355|364|372|380|389|397|405|414|422|430|439|447|456|464|472|481|489|497|506|514|522|531|539|548|556|564|573|581|589|598|606|614|623|631|640|648|656|665|673|681|690|698|706|715|723|732|740|748|757|765|773|782|790|798|807|815|824
TRUE,35,55,6.44,290,9,51,70,137,-532|-521|-510|-499|-488|-477|-465|-454|-443|-432|-421|-410|-399|-388|-376|-365|-354|-343|-332|-321|-310|-299|-287|-276|-265|-254|-243|-232|-221|-210|-198|-187|-176|-165|-154|-143|-132|-121|-109|-98|-87|-76|-65|-54|-43|-32|-21|-9|2|13|24|35|46|57|68|80|91|102|113|124|135|146|157|169|180|191|202|213|224|235|246|258|269|280|291|302|313|324|335|347|358|369|380|391|402|413|424|436|447|458|469|480|491|502|513|525|536|547|558|569|580|591|602|614|625|636|647|658|669|680|691|703|714|725|736|747|758|769|780|792|803|814|825|836|847|858|869|881|892|903|914|925|936|947|958|970
TRUE,40,55,7.21,304,9,64,59,136,-638|-625|-613|-600|-587|-574|-562|-549|-536|-524|-511|-498|-485|-473|-460|-447|-435|-422|-409|-396|-384|-371|-358|-346|-333|-320|-307|-295|-282|-269|-256|-244|-231|-218|-206|-193|-180|-167|-155|-142|-129|-117|-104|-91|-78|-66|-53|-40|-28|-15|-2|11|23|36|49|62|74|87|100|112|125|138|151|163|176|189|201|214|227|240|252|265|278|290|303|316|329|341|354|367|380|392|405|418|430|443|456|469|481|494|507|519|532|545|558|570|583|596|608|621|634|647|659|672|685|697|710|723|736|748|761|774|787|799|812|825|837|850|863|876|888|901|914|926|939|952|965|977|990|1003|1015|1028|1041|1054|1066
TRUE,45,55,7.94,309,9,77,48,134,-761|-746|-731|-716|-701|-686|-671|-656|-641|-626|-611|-596|-581|-566|-552|-537|-522|-507|-492|-477|-462|-447|-432|-417|-402|-387|-372|-357|-343|-328|-313|-298|-283|-268|-253|-238|-223|-208|-193|-178|-163|-148|-134|-119|-104|-89|-74|-59|-44|-29|-14|1|16|31|46|61|75|90|105|120|135|150|165|180|195|210|225|240|255|270|284|299|314|329|344|359|374|389|404|419|434|449|464|479|493|508|523|538|553|568|583|598|613|628|643|658|673|688|702|717|732|747|762|777|792|807|822|837|852|867|882|897|911|926|941|956|971|986|1001|1016|1031|1046|1061|1076|1091|1106|1120|1135|1150|1165|1180|1195|1210
TRUE,15,80,4.23,327,10,22,93,190,-204|-200|-196|-193|-189|-185|-181|-177|-174|-170|-166|-162|-159|-155|-151|-147|-143|-140|-136|-132|-128|-124|-121|-117|-113|-109|-106|-102|-98|-94|-90|-87|-83|-79|-75|-72|-68|-64|-60|-56|-53|-49|-45|-41|-38|-34|-30|-26|-22|-19|-15|-11|-7|-3|0|4|8|12|15|19|23|27|31|34|38|42|46|49|53|57|61|65|68|72|76|80|83|87|91|95|99|102|106|110|114|118|121|125|129|133|136|140|144|148|152|155|159|163|167|170|174|178|182|186|189|193|197|201|204|208|212|216|220|223|227|231|235|239|242|246|250|254|257|261|265|269|273|276|280|284|288|291|295|299|303|307|310|314|318|322|325|329|333|337|341|344|348|352|356|360|363|367|371|375|378|382|386|390|394|397|401|405|409|412|416|420|424|428|431|435|439|443|446|450|454|458|462|465|469|473|477|481|484|488|492|496|499|503|507
TRUE,20,70,4.89,321,10,29,87,174,-277|-272|-266|-261|-256|-251|-246|-240|-235|-230|-225|-220|-214|-209|-204|-199|-193|-188|-183|-178|-173|-167|-162|-157|-152|-146|-141|-136|-131|-126|-120|-115|-110|-105|-99|-94|-89|-84|-79|-73|-68|-63|-58|-53|-47|-42|-37|-32|-26|-21|-16|-11|-6|0|5|10|15|21|26|31|36|41|47|52|57|62|67|73|78|83|88|94|99|104|109|114|120|125|130|135|141|146|151|156|161|167|172|177|182|188|193|198|203|208|214|219|224|229|234|240|245|250|255|261|266|271|276|281|287|292|297|302|308|313|318|323|328|334|339|344|349|355|360|365|370|375|381|386|391|396|401|407|412|417|422|428|433|438|443|448|454|459|464|469|475|480|485|490|495|501|506|511|516|522|527|532|537|542|548|553|558|563|568|574|579|584|589|595|600|605|610|615|621
TRUE,25,65,5.61,330,10,39,79,164,-355|-348|-342|-335|-329|-322|-316|-309|-303|-296|-290|-283|-277|-270|-264|-257|-251|-244|-238|-231|-225|-218|-212|-205|-199|-192|-186|-179|-173|-166|-160|-153|-147|-140|-134|-127|-121|-114|-108|-101|-95|-88|-82|-75|-69|-62|-56|-49|-43|-36|-30|-23|-17|-10|-4|3|9|16|22|29|36|42|49|55|62|68|75|81|88|94|101|107|114|120|127|133|140|146|153|159|166|172|179|185|192|198|205|211|218|224|231|237|244|250|257|263|270|276|283|289|296|302|309|315|322|328|335|341|348|354|361|367|374|380|387|393|400|406|413|419|426|432|439|445|452|458|465|471|478|484|491|497|504|510|517|523|530|536|543|549|556|563|569|576|582|589|595|602|608|615|621|628|634|641|647|654|660|667|673|680|686|693|699
TRUE,35,60,7.02,345,10,60,61,157,-533|-524|-514|-505|-496|-486|-477|-468|-458|-449|-440|-430|-421|-412|-402|-393|-384|-374|-365|-355|-346|-337|-327|-318|-309|-299|-290|-281|-271|-262|-253|-243|-234|-225|-215|-206|-197|-187|-178|-169|-159|-150|-141|-131|-122|-112|-103|-94|-84|-75|-66|-56|-47|-38|-28|-19|-10|0|9|18|28|37|46|56|65|74|84|93|103|112|121|131|140|149|159|168|177|187|196|205|215|224|233|243|252|261|271|280|289|299|308|317|327|336|346|355|364|374|383|392|402|411|420|430|439|448|458|467|476|486|495|504|514|523|532|542|551|561|570|579|589|598|607|617|626|635|645|654|663|673|682|691|701|710|719|729|738|747|757|766|776|785|794|804|813|822|832|841|850|860|869|878|888|897|906|916
TRUE,15,85,4.49,369,11,25,90,207,-204|-201|-197|-194|-191|-187|-184|-181|-177|-174|-171|-167|-164|-161|-157|-154|-151|-147|-144|-140|-137|-134|-130|-127|-124|-120|-117|-114|-110|-107|-104|-100|-97|-94|-90|-87|-84|-80|-77|-73|-70|-67|-63|-60|-57|-53|-50|-47|-43|-40|-37|-33|-30|-27|-23|-20|-17|-13|-10|-6|-3|0|4|7|10|14|17|20|24|27|30|34|37|40|44|47|50|54|57|61|64|67|71|74|77|81|84|87|91|94|97|101|104|107|111|114|117|121|124|127|131|134|138|141|144|148|151|154|158|161|164|168|171|174|178|181|184|188|191|194|198|201|205|208|211|215|218|221|225|228|231|235|238|241|245|248|251|255|258|261|265|268|272|275|278|282|285|288|292|295|298|302|305|308|312|315|318|322|325|328|332|335|339|342|345|349|352|355|359|362|365|369|372|375|379|382|385|389|392|395|399|402|406|409|412|416|419|422|426|429|432|436|439|442|446|449|452|456|459|462|466|469|472|476|479|483
TRUE,15,85,4.49,369,11,25,87,207,-204|-201|-197|-194|-191|-187|-184|-181|-177|-174|-171|-167|-164|-161|-157|-154|-151|-147|-144|-140|-137|-134|-130|-127|-124|-120|-117|-114|-110|-107|-104|-100|-97|-94|-90|-87|-84|-80|-77|-73|-70|-67|-63|-60|-57|-53|-50|-47|-43|-40|-37|-33|-30|-27|-23|-20|-17|-13|-10|-6|-3|0|4|7|10|14|17|20|24|27|30|34|37|40|44|47|50|54|57|61|64|67|71|74|77|81|84|87|91|94|97|101|104|107|111|114|117|121|124|127|131|134|138|141|144|148|151|154|158|161|164|168|171|174|178|181|184|188|191|194|198|201|205|208|211|215|218|221|225|228|231|235|238|241|245|248|251|255|258|261|265|268|272|275|278|282|285|288|292|295|298|302|305|308|312|315|318|322|325|328|332|335|339|342|345|349|352|355|359|362|365|369|372|375|379|382|385|389|392|395|399|402|406|409|412|416|419|422|426|429|432|436|439|442|446|449|452|456|459|462|466|469|472|476|479|483
TRUE,20,75,5.24,369,11,34,83,192,-277|-273|-268|-264|-259|-255|-250|-245|-241|-236|-232|-227|-223|-218|-214|-209|-205|-200|-195|-191|-186|-182|-177|-173|-168|-164|-159|-155|-150|-145|-141|-136|-132|-127|-123|-118|-114|-109|-105|-100|-95|-91|-86|-82|-77|-73|-68|-64|-59|-55|-50|-45|-41|-36|-32|-27|-23|-18|-14|-9|-5|0|5|9|14|18|23|27|32|36|41|45|50|55|59|64|68|73|77|82|86|91|96|100|105|109|114|118|123|127|132|136|141|146|150|155|159|164|168|173|177|182|186|191|196|200|205|209|214|218|223|227|232|236|241|246|250|255|259|264|268|273|277|282|286|291|296|300|305|309|314|318|323|327|332|336|341|346|350|355|359|364|368|373|377|382|386|391|396|400|405|409|414|418|423|427|432|436|441|446|450|455|459|464|468|473|477|482|486|491|496|500|505|509|514|518|523|527|532|536|541|546|550|555|559|564|568|573|577|582|586
TRUE,25,70,6.04,383,11,45,73,185,-355|-350|-344|-338|-333|-327|-322|-316|-310|-305|-299|-294|-288|-282|-277|-271|-266|-260|-254|-249|-243|-238|-232|-226|-221|-215|-209|-204|-198|-193|-187|-181|-176|-170|-165|-159|-153|-148|-142|-137|-131|-125|-120|-114|-108|-103|-97|-92|-86|-80|-75|-69|-64|-58|-52|-47|-41|-36|-30|-24|-19|-13|-8|-2|4|9|15|21|26|32|37|43|49|54|60|65|71|77|82|88|93|99|105|110|116|122|127|133|138|144|150|155|161|166|172|178|183|189|194|200|206|211|217|223|228|234|239|245|251|256|262|267|273|279|284|290|295|301|307|312|318|323|329|335|340|346|352|357|363|368|374|380|385|391|396|402|408|413|419|424|430|436|441|447|453|458|464|469|475|481|486|492|497|503|509|514|520|525|531|537|542|548|553|559|565|570|576|582|587|593|598|604|610|615|621|626|632|638|643|649|654|660|666|671
TRUE,30,65,6.63,373,11,54,66,172,-440|-433|-426|-418|-411|-404|-397|-390|-383|-376|-369|-361|-354|-347|-340|-333|-326|-319|-312|-304|-297|-290|-283|-276|-269|-262|-255|-247|-240|-233|-226|-219|-212|-205|-198|-190|-183|-176|-169|-162|-155|-148|-141|-133|-126|-119|-112|-105|-98|-91|-84|-76|-69|-62|-55|-48|-41|-34|-27|-19|-12|-5|2|9|16|23|30|38|45|52|59|66|73|80|87|95|102|109|116|123|130|137|144|152|159|166|173|180|187|194|201|209|216|223|230|237|244|251|258|266|273|280|287|294|301|308|315|323|330|337|344|351|358|365|372|380|387|394|401|408|415|422|429|437|444|451|458|465|472|479|486|494|501|508|515|522|529|536|543|551|558|565|572|579|586|593|600|608|615|622|629|636|643|650|658|665|672|679|686|693|700|707|715|722|729|736|743|750|757|764|772
TRUE,40,60,7.87,362,11,76,48,155,-639|-628|-618|-607|-596|-586|-575|-564|-554|-543|-532|-522|-511|-500|-489|-479|-468|-457|-447|-436|-425|-415|-404|-393|-383|-372|-361|-351|-340|-329|-318|-308|-297|-286|-276|-265|-254|-244|-233|-222|-212|-201|-190|-180|-169|-158|-147|-137|-126|-115|-105|-94|-83|-73|-62|-51|-41|-30|-19|-8|2|13|24|34|45|56|66|77|88|98|109|120|130|141|152|163|173|184|195|205|216|227|237|248|259|269|280|291|301|312|323|334|344|355|366|376|387|398|408|419|430|440|451|462|472|483|494|505|515|526|537|547|558|569|579|590|601|611|622|633|643|654|665|676|686|697|708|718|729|740|750|761|772|782|793|804|814|825|836|847|857|868|879|889|900|911|921|932|943|953|964|975|986|996
TRUE,45,60,8.66,367,11,92,35,154,-762|-749|-737|-724|-712|-699|-686|-674|-661|-649|-636|-624|-611|-599|-586|-574|-561|-548|-536|-523|-511|-498|-486|-473|-461|-448|-436|-423|-410|-398|-385|-373|-360|-348|-335|-323|-310|-298|-285|-273|-260|-247|-235|-222|-210|-197|-185|-172|-160|-147|-135|-122|-109|-97|-84|-72|-59|-47|-34|-22|-9|3|16|29|41|54|66|79|91|104|116|129|141|154|167|179|192|204|217|229|242|254|267|279|292|305|317|330|342|355|367|380|392|405|417|430|442|455|468|480|493|505|518|530|543|555|568|580|593|606|618|631|643|656|668|681|693|706|718|731|744|756|769|781|794|806|819|831|844|856|869|882|894|907|919|932|944|957|969|982|994|1007|1020|1032|1045|1057|1070|1082|1095|1107|1120|1132|1145
TRUE,35,65,7.61,405,12,71,52,178,-534|-526|-518|-510|-502|-494|-486|-478|-470|-462|-454|-446|-438|-430|-422|-414|-406|-398|-390|-382|-374|-367|-359|-351|-343|-335|-327|-319|-311|-303|-295|-287|-279|-271|-263|-255|-247|-239|-231|-223|-215|-207|-199|-191|-183|-175|-167|-159|-151|-144|-136|-128|-120|-112|-104|-96|-88|-80|-72|-64|-56|-48|-40|-32|-24|-16|-8|0|8|16|24|32|40|48|56|64|72|79|87|95|103|111|119|127|135|143|151|159|167|175|183|191|199|207|215|223|231|239|247|255|263|271|279|287|295|302|310|318|326|334|342|350|358|366|374|382|390|398|406|414|422|430|438|446|454|462|470|478|486|494|502|510|518|525|533|541|549|557|565|573|581|589|597|605|613|621|629|637|645|653|661|669|677|685|693|701|709|717|725|733|741|748|756|764|772|780|788|796|804|812|820|828|836|844|852|860|868
TRUE,20,80,5.58,420,13,38,78,210,-278|-274|-270|-266|-262|-258|-254|-250|-246|-242|-238|-234|-230|-226|-222|-218|-214|-210|-206|-202|-198|-194|-190|-186|-182|-178|-174|-170|-166|-162|-158|-154|-150|-146|-142|-138|-134|-130|-126|-122|-118|-114|-110|-106|-102|-98|-94|-90|-86|-82|-78|-74|-70|-66|-62|-58|-54|-50|-46|-42|-38|-34|-30|-26|-22|-18|-14|-10|-6|-2|2|6|10|14|18|22|26|30|34|38|42|46|50|54|58|62|66|70|74|78|82|86|90|94|98|102|106|110|114|118|122|126|130|134|138|142|146|150|154|158|162|166|170|174|178|182|186|190|194|198|202|206|210|214|218|222|226|230|234|238|242|246|250|254|258|262|266|270|274|278|282|286|290|294|298|302|306|310|314|318|322|326|330|334|338|342|346|350|354|358|362|366|370|374|378|382|386|390|394|398|402|406|410|414|418|422|426|430|434|438|442|446|450|454|458|462|466|470|474|478|482|486|490|494|498|502|506|510|514|518|522|526|530|534|538|542|546|550|554
TRUE,25,75,6.47,440,13,51,67,206,-356|-351|-346|-341|-336|-331|-326|-321|-317|-312|-307|-302|-297|-292|-287|-282|-277|-273|-268|-263|-258|-253|-248|-243|-238|-234|-229|-224|-219|-214|-209|-204|-199|-194|-190|-185|-180|-175|-170|-165|-160|-155|-150|-146|-141|-136|-131|-126|-121|-116|-111|-106|-102|-97|-92|-87|-82|-77|-72|-67|-62|-58|-53|-48|-43|-38|-33|-28|-23|-18|-14|-9|-4|1|6|11|16|21|25|30|35|40|45|50|55|60|65|69|74|79|84|89|94|99|104|109|113|118|123|128|133|138|143|148|153|157|162|167|172|177|182|187|192|197|201|206|211|216|221|226|231|236|241|245|250|255|260|265|270|275|280|285|289|294|299|304|309|314|319|324|328|333|338|343|348|353|358|363|368|372|377|382|387|392|397|402|407|412|416|421|426|431|436|441|446|451|456|460|465|470|475|480|485|490|495|500|504|509|514|519|524|529|534|539|544|548|553|558|563|568|573|578|583|587|592|597|602|607|612|617|622|627|631|636|641
TRUE,30,70,7.14,433,13,62,58,194,-440|-434|-428|-422|-416|-410|-403|-397|-391|-385|-379|-373|-367|-360|-354|-348|-342|-336|-330|-324|-317|-311|-305|-299|-293|-287|-281|-274|-268|-262|-256|-250|-244|-238|-231|-225|-219|-213|-207|-201|-195|-188|-182|-176|-170|-164|-158|-152|-145|-139|-133|-127|-121|-115|-109|-102|-96|-90|-84|-78|-72|-66|-59|-53|-47|-41|-35|-29|-23|-16|-10|-4|2|8|14|20|27|33|39|45|51|57|63|70|76|82|88|94|100|106|113|119|125|131|137|143|149|156|162|168|174|180|186|192|199|205|211|217|223|229|236|242|248|254|260|266|272|279|285|291|297|303|309|315|322|328|334|340|346|352|358|365|371|377|383|389|395|401|408|414|420|426|432|438|444|451|457|463|469|475|481|487|494|500|506|512|518|524|530|537|543|549|555|561|567|573|580|586|592|598|604|610|616|623|629|635|641|647|653|659|666|672|678|684|690|696|702|709|715|721|727|733|739
TRUE,40,65,8.53,425,13,89,36,178,-640|-631|-622|-613|-603|-594|-585|-576|-567|-558|-549|-540|-531|-521|-512|-503|-494|-485|-476|-467|-458|-449|-440|-430|-421|-412|-403|-394|-385|-376|-367|-358|-348|-339|-330|-321|-312|-303|-294|-285|-276|-266|-257|-248|-239|-230|-221|-212|-203|-194|-185|-175|-166|-157|-148|-139|-130|-121|-112|-103|-93|-84|-75|-66|-57|-48|-39|-30|-21|-11|-2|7|16|25|34|43|52|61|70|80|89|98|107|116|125|134|143|152|162|171|180|189|198|207|216|225|234|243|253|262|271|280|289|298|307|316|325|335|344|353|362|371|380|389|398|407|417|426|435|444|453|462|471|480|489|498|508|517|526|535|544|553|562|571|580|590|599|608|617|626|635|644|653|662|672|681|690|699|708|717|726|735|744|753|763|772|781|790|799|808|817|826|835|845|854|863|872|881|890|899|908|917|927|936|945|954|963
TRUE,45,65,9.38,431,13,108,20,176,-763|-752|-741|-731|-720|-709|-699|-688|-677|-666|-656|-645|-634|-624|-613|-602|-592|-581|-570|-560|-549|-538|-528|-517|-506|-495|-485|-474|-463|-453|-442|-431|-421|-410|-399|-389|-378|-367|-356|-346|-335|-324|-314|-303|-292|-282|-271|-260|-250|-239|-228|-218|-207|-196|-185|-175|-164|-153|-143|-132|-121|-111|-100|-89|-79|-68|-57|-47|-36|-25|-14|-4|7|18|28|39|50|60|71|82|92|103|114|124|135|146|157|167|178|189|199|210|221|231|242|253|263|274|285|295|306|317|328|338|349|360|370|381|392|402|413|424|434|445|456|467|477|488|499|509|520|531|541|552|563|573|584|595|605|616|627|638|648|659|670|680|691|702|712|723|734|744|755|766|776|787|798|809|819|830|841|851|862|873|883|894|905|915|926|937|947|958|969|980|990|1001|1012|1022|1033|1044|1054|1065|1076|1086|1097
TRUE,20,85,5.93,474,14,43,74,230,-278|-274|-271|-267|-264|-260|-257|-253|-249|-246|-242|-239|-235|-232|-228|-225|-221|-218|-214|-211|-207|-203|-200|-196|-193|-189|-186|-182|-179|-175|-172|-168|-165|-161|-157|-154|-150|-147|-143|-140|-136|-133|-129|-126|-122|-118|-115|-111|-108|-104|-101|-97|-94|-90|-87|-83|-80|-76|-72|-69|-65|-62|-58|-55|-51|-48|-44|-41|-37|-34|-30|-26|-23|-19|-16|-12|-9|-5|-2|2|5|9|12|16|20|23|27|30|34|37|41|44|48|51|55|58|62|66|69|73|76|80|83|87|90|94|97|101|104|108|112|115|119|122|126|129|133|136|140|143|147|150|154|158|161|165|168|172|175|179|182|186|189|193|196|200|204|207|211|214|218|221|225|228|232|235|239|242|246|250|253|257|260|264|267|271|274|278|281|285|289|292|296|299|303|306|310|313|317|320|324|327|331|335|338|342|345|349|352|356|359|363|366|370|373|377|381|384|388|391|395|398|402|405|409|412|416|419|423|427|430|434|437|441|444|448|451|455|458|462|465|469|473|476|480|483|487|490|494|497|501|504|508|511|515|519|522|526|529
TRUE,20,85,5.93,474,14,43,69,230,-278|-274|-271|-267|-264|-260|-257|-253|-249|-246|-242|-239|-235|-232|-228|-225|-221|-218|-214|-211|-207|-203|-200|-196|-193|-189|-186|-182|-179|-175|-172|-168|-165|-161|-157|-154|-150|-147|-143|-140|-136|-133|-129|-126|-122|-118|-115|-111|-108|-104|-101|-97|-94|-90|-87|-83|-80|-76|-72|-69|-65|-62|-58|-55|-51|-48|-44|-41|-37|-34|-30|-26|-23|-19|-16|-12|-9|-5|-2|2|5|9|12|16|20|23|27|30|34|37|41|44|48|51|55|58|62|66|69|73|76|80|83|87|90|94|97|101|104|108|112|115|119|122|126|129|133|136|140|143|147|150|154|158|161|165|168|172|175|179|182|186|189|193|196|200|204|207|211|214|218|221|225|228|232|235|239|242|246|250|253|257|260|264|267|271|274|278|281|285|289|292|296|299|303|306|310|313|317|320|324|327|331|335|338|342|345|349|352|356|359|363|366|370|373|377|381|384|388|391|395|398|402|405|409|412|416|419|423|427|430|434|437|441|444|448|451|455|458|462|465|469|473|476|480|483|487|490|494|497|501|504|508|511|515|519|522|526|529
TRUE,35,70,8.19,470,14,82,41,200,-534|-527|-521|-514|-507|-500|-493|-486|-479|-473|-466|-459|-452|-445|-438|-431|-424|-418|-411|-404|-397|-390|-383|-376|-370|-363|-356|-349|-342|-335|-328|-321|-315|-308|-301|-294|-287|-280|-273|-267|-260|-253|-246|-239|-232|-225|-218|-212|-205|-198|-191|-184|-177|-170|-163|-157|-150|-143|-136|-129|-122|-115|-109|-102|-95|-88|-81|-74|-67|-60|-54|-47|-40|-33|-26|-19|-12|-6|1|8|15|22|29|36|43|49|56|63|70|77|84|91|97|104|111|118|125|132|139|146|152|159|166|173|180|187|194|200|207|214|221|228|235|242|249|255|262|269|276|283|290|297|303|310|317|324|331|338|345|352|358|365|372|379|386|393|400|406|413|420|427|434|441|448|455|461|468|475|482|489|496|503|510|516|523|530|537|544|551|558|564|571|578|585|592|599|606|613|619|626|633|640|647|654|661|667|674|681|688|695|702|709|716|722|729|736|743|750|757|764|770|777|784|791|798|805|812|819|825
TRUE,25,80,6.9,500,15,58,61,227,-356|-352|-347|-343|-339|-335|-330|-326|-322|-317|-313|-309|-304|-300|-296|-292|-287|-283|-279|-274|-270|-266|-261|-257|-253|-249|-244|-240|-236|-231|-227|-223|-219|-214|-210|-206|-201|-197|-193|-188|-184|-180|-176|-171|-167|-163|-158|-154|-150|-146|-141|-137|-133|-128|-124|-120|-115|-111|-107|-103|-98|-94|-90|-85|-81|-77|-72|-68|-64|-60|-55|-51|-47|-42|-38|-34|-30|-25|-21|-17|-12|-8|-4|1|5|9|13|18|22|26|31|35|39|43|48|52|56|61|65|69|74|78|82|86|91|95|99|104|108|112|116|121|125|129|134|138|142|147|151|155|159|164|168|172|177|181|185|190|194|198|202|207|211|215|220|224|228|232|237|241|245|250|254|258|263|267|271|275|280|284|288|293|297|301|305|310|314|318|323|327|331|336|340|344|348|353|357|361|366|370|374|378|383|387|391|396|400|404|409|413|417|421|426|430|434|439|443|447|452|456|460|464|469|473|477|482|486|490|494|499|503|507|512|516|520|525|529|533|537|542|546|550|555|559|563|567|572|576|580|585|589|593|598|602|606|610
TRUE,30,75,7.65,497,15,72,50,217,-441|-435|-430|-425|-419|-414|-409|-403|-398|-393|-387|-382|-377|-371|-366|-360|-355|-350|-344|-339|-334|-328|-323|-318|-312|-307|-302|-296|-291|-286|-280|-275|-269|-264|-259|-253|-248|-243|-237|-232|-227|-221|-216|-211|-205|-200|-195|-189|-184|-178|-173|-168|-162|-157|-152|-146|-141|-136|-130|-125|-120|-114|-109|-104|-98|-93|-87|-82|-77|-71|-66|-61|-55|-50|-45|-39|-34|-29|-23|-18|-13|-7|-2|3|9|14|20|25|30|36|41|46|52|57|62|68|73|78|84|89|94|100|105|111|116|121|127|132|137|143|148|153|159|164|169|175|180|185|191|196|202|207|212|218|223|228|234|239|244|250|255|260|266|271|276|282|287|293|298|303|309|314|319|325|330|335|341|346|351|357|362|367|373|378|383|389|394|400|405|410|416|421|426|432|437|442|448|453|458|464|469|474|480|485|491|496|501|507|512|517|523|528|533|539|544|549|555|560|565|571|576|582|587|592|598|603|608|614|619|624|630|635|640|646|651|656|662|667|673|678|683|689|694|699|705|710
TRUE,40,70,9.18,492,15,103,23,202,-641|-633|-625|-617|-609|-601|-593|-586|-578|-570|-562|-554|-546|-538|-531|-523|-515|-507|-499|-491|-483|-476|-468|-460|-452|-444|-436|-428|-421|-413|-405|-397|-389|-381|-374|-366|-358|-350|-342|-334|-326|-319|-311|-303|-295|-287|-279|-271|-264|-256|-248|-240|-232|-224|-216|-209|-201|-193|-185|-177|-169|-162|-154|-146|-138|-130|-122|-114|-107|-99|-91|-83|-75|-67|-59|-52|-44|-36|-28|-20|-12|-4|3|11|19|27|35|43|51|58|66|74|82|90|98|105|113|121|129|137|145|153|160|168|176|184|192|200|208|215|223|231|239|247|255|263|270|278|286|294|302|310|317|325|333|341|349|357|365|372|380|388|396|404|412|420|427|435|443|451|459|467|475|482|490|498|506|514|522|530|537|545|553|561|569|577|584|592|600|608|616|624|632|639|647|655|663|671|679|687|694|702|710|718|726|734|742|749|757|765|773|781|789|796|804|812|820|828|836|844|851|859|867|875|883|891|899|906|914|922|930
TRUE,45,70,10.1,500,15,125,4,200,-763|-754|-745|-736|-727|-717|-708|-699|-690|-680|-671|-662|-653|-644|-634|-625|-616|-607|-598|-588|-579|-570|-561|-551|-542|-533|-524|-515|-505|-496|-487|-478|-468|-459|-450|-441|-432|-422|-413|-404|-395|-386|-376|-367|-358|-349|-339|-330|-321|-312|-303|-293|-284|-275|-266|-257|-247|-238|-229|-220|-210|-201|-192|-183|-174|-164|-155|-146|-137|-127|-118|-109|-100|-91|-81|-72|-63|-54|-45|-35|-26|-17|-8|2|11|20|29|38|48|57|66|75|84|94|103|112|121|131|140|149|158|167|177|186|195|204|214|223|232|241|250|260|269|278|287|296|306|315|324|333|343|352|361|370|379|389|398|407|416|425|435|444|453|462|472|481|490|499|508|518|527|536|545|554|564|573|582|591|601|610|619|628|637|647|656|665|674|684|693|702|711|720|730|739|748|757|766|776|785|794|803|813|822|831|840|849|859|868|877|886|895|905|914|923|932|942|951|960|969|978|988|997|1006|1015|1025|1034|1043|1052|1061
TRUE,35,75,8.78,539,16,94,30,224,-535|-529|-523|-517|-511|-505|-499|-493|-487|-481|-475|-469|-463|-457|-451|-445|-439|-433|-427|-421|-415|-409|-403|-397|-391|-385|-379|-373|-367|-361|-355|-349|-343|-337|-331|-325|-319|-313|-307|-301|-295|-290|-284|-278|-272|-266|-260|-254|-248|-242|-236|-230|-224|-218|-212|-206|-200|-194|-188|-182|-176|-170|-164|-158|-152|-146|-140|-134|-128|-122|-116|-110|-104|-98|-92|-86|-80|-74|-68|-62|-56|-50|-44|-38|-32|-26|-20|-14|-8|-2|4|10|16|22|28|34|40|46|51|57|63|69|75|81|87|93|99|105|111|117|123|129|135|141|147|153|159|165|171|177|183|189|195|201|207|213|219|225|231|237|243|249|255|261|267|273|279|285|291|297|303|309|315|321|327|333|339|345|351|357|363|369|375|380|386|392|398|404|410|416|422|428|434|440|446|452|458|464|470|476|482|488|494|500|506|512|518|524|530|536|542|548|554|560|566|572|578|584|590|596|602|608|614|620|626|632|638|644|650|656|662|668|674|680|686|692|698|704|710|716|721|727|733|739|745|751|757|763|769|775|781|787|793
